Policy Protection Plan,,,,,,,,,,,Managed by : Preetham Changa
,,,,,,,,,,,
,,,,,,,,,,,
,,,,,,,,,,,
,,,,,,,,,,,
,,,,,,,,,,,
Policy Name,Policy Code,Business Code,Number,,,,,,,,
Life Growth Advantage,LGA-TRCD-9829,TRCD,2807,,,,,,,,
Smart Term Protect,STP-TRCD-9812,TRCD,5968,,,,,,,,
Jeevan Suraksha,JSU-TRCD-9813,TRCD,9129,,,,,,,,
Whole Life Shield,WLS-TRCD-9814,TRCD,12290,,,,,,,,
ULIP Growth Plan,UGP-TRCD-9834,TRCD,15451,,,,,,,,
Retire Secure,RSE-TRCD-9856,TRCD,18612,,,,,,,,
Guaranteed Wealth Builder,GWB-TRCD-9833,TRCD,21773,,,,,,,,
Income Protection Plan,ICP-TRCD-9832,TRCD,24934,,,,,,,,
